id,title,text,category,source,date,label,data_type
1,Cotton Corporation of India announces MSP procurement schedule for upcoming season,"The Cotton Corporation of India (CCI) has formally released the schedule for Minimum Support Price (MSP) operations across major cotton-growing states. CCI confirmed that procurement centers will be operational across Gujarat, Maharashtra, Telangana, and Punjab starting next month to safeguard farmer interests following market fluctuations.",Cotton,Textile Ministry Bulletin,2026-01-15,REAL,CURATED_ACADEMIC
2,India's raw cotton exports surge 22 percent amid rising demand from Bangladesh and Vietnam,Official trade statistics show a 22 percent increase in raw cotton shipments to key Asian manufacturing hubs including Bangladesh and Vietnam. Exporters attribute the growth to competitive domestic price realisations and higher staple length cotton availability during the current harvest cycle.,Cotton,Apparel & Textile Trade Daily,2026-01-20,REAL,CURATED_ACADEMIC
3,Pink bollworm infestation reported in select districts; agricultural department issues advisories,Agricultural extension officers in Northern cotton belts have identified sporadic pink bollworm attacks on standing crops. The state agriculture department has issued comprehensive pest management guidelines advising integrated pest control and pheromone traps to limit yield reduction.,Cotton,Agri-Textile Research Review,2026-02-02,REAL,CURATED_ACADEMIC
4,Global cotton production forecast revised slightly upward by International Cotton Advisory Committee,"The International Cotton Advisory Committee (ICAC) updated its global production estimates by 1.2 percent for the marketing year, citing improved yields in West Africa and stable output across North American producers.",Cotton,Global Fiber Report,2026-02-14,REAL,CURATED_ACADEMIC
5,Central Silk Board reports 8 percent growth in mulberry cocoon production across southern states,The Central Silk Board (CSB) announced an 8 percent increase in mulberry raw silk production in Karnataka and Tamil Nadu. Modernized rearing houses and improved bi-voltine silkworm breeds contributed significantly to the higher yield and superior tensile strength of silk threads.,Silk,Sericulture Development Board,2026-01-18,REAL,CURATED_ACADEMIC
6,Customs duty on raw silk imports maintained to support domestic sericulture farmers,The Ministry of Finance confirmed that customs duties on imported raw silk will remain unchanged in the current fiscal year. The policy aims to protect domestic reelers and sericulturists from cheaper imported yarn dumping while ensuring steady raw material supplies.,Silk,National Trade Journal,2026-02-05,REAL,CURATED_ACADEMIC
7,Assam Muga silk weavers receive Geographical Indication tag validation and modernization support,Weavers of traditional golden Muga silk in Assam have been granted updated GI tag certificates alongside technological assistance for reeling machines to preserve authentic weaving heritage while improving weaving speed.,Silk,Handloom Heritage Monitor,2026-02-18,REAL,CURATED_ACADEMIC
8,Raw wool imports from Australia stabilize as domestic winter garment demand peaks,Indian woolen mills reported steady shipments of fine Merino fleece from Australian auctions to fulfill autumn-winter knitwear export orders. Price stabilization in international wool auctions has assisted domestic spinning mills in maintaining margins.,Wool,Woolen Mills Federation,2026-01-12,REAL,CURATED_ACADEMIC
9,Himalayan pashmina goat rearing program receives development grant for high-altitude shelters,"The Department of Animal Husbandry sanctioned funding for high-altitude livestock shelters across Ladakh to protect Changthangi goats during extreme winter conditions, securing sustainable pashmina fleece harvesting.",Wool,Himalayan Textile Journal,2026-02-10,REAL,CURATED_ACADEMIC
10,Spinning mills in South India announce 5 percent production rationalization due to power tariff hike,"The Southern India Mills' Association (SIMA) reported that several medium-scale spinning mills in Tamil Nadu have adjusted shift timings to manage revised peak-hour electricity tariffs, maintaining balanced yarn inventory levels.",Yarn,Spinning World Post,2026-01-25,REAL,CURATED_ACADEMIC
11,Cotton yarn prices hold steady in major trading hubs of Bhiwandi and Tirupur,Prices for 30s and 40s combed cotton yarn remained stable in major wholesale markets this week as fabric manufacturers maintained steady inventory purchasing without speculative stocking.,Yarn,Textile Market Watch,2026-02-08,REAL,CURATED_ACADEMIC
12,Polyester-cotton blended yarn demand increases in sports apparel manufacturing sector,Textile manufacturers noted an increased uptake of 65/35 polyester-cotton blended yarns driven by expanding activewear and technical apparel manufacturing clusters in Surat and Ludhiana.,Yarn,Yarn & Fiber Times,2026-02-22,REAL,CURATED_ACADEMIC
13,Powerloom clusters in Surat adopt high-speed water-jet looms for synthetic fabric production,"Fabric manufacturing units in Surat have accelerated loom modernization by commissioning energy-efficient water-jet and air-jet machines, enabling higher output of synthetic georgette and chiffon fabrics.",Fabrics,Weaving Technology News,2026-01-28,REAL,CURATED_ACADEMIC
14,Grey fabric inventory in Ichalkaranji market normalizes after seasonal stock clearing,Traders at the Ichalkaranji cloth market reported normalized warehouse stock levels following seasonal festive dispatches to garment processing hubs in Ahmedabad and Mumbai.,Fabrics,Textile Hub Report,2026-02-15,REAL,CURATED_ACADEMIC
15,Garment export hub Tirupur records 11 percent increase in European summer orders,"The Tirupur Exporters Association (TEA) stated that knitwear export orders for the European spring/summer collections grew 11 percent year-on-year, supported by compliance with international sustainability certifications.",Garments,Apparel Online India,2026-02-01,REAL,CURATED_ACADEMIC
16,Readymade garment manufacturers invest in automated laser cutting and sewing systems,Apparel export houses in Noida and Gurugram have integrated computer numerical control (CNC) fabric cutters and automated unit production systems to minimize fabric wastage and boost sewing efficiency.,Garments,Industrial Garment Gazette,2026-02-12,REAL,CURATED_ACADEMIC
17,Textile machinery exhibition in Coimbatore showcases IoT-enabled spinning spindles,The international textile machinery expo featured next-generation spinning frames equipped with real-time vibration sensors and automated doffing systems designed to reduce downtime in spinning mills.,Machinery,Machinery & Engineering News,2026-01-30,REAL,CURATED_ACADEMIC
18,Digital textile printing adoption rises by 18 percent among home textile exporters,"Home textile manufacturers in Panipat have expanded pigment-based digital printing lines, enabling short-run custom designs for bed linens and curtains with lower water consumption.",Technology,Print & Pattern Textile Review,2026-02-16,REAL,CURATED_ACADEMIC
19,Ministry of Textiles releases allocated funds under PM MITRA Mega Textile Park scheme,"The Union Ministry of Textiles disbursed project development assistance for the approved PM Mega Integrated Textile Region and Apparel (PM MITRA) parks in Gujarat, Tamil Nadu, and Madhya Pradesh to accelerate infrastructure readiness.",Subsidies,Government Press Information Bureau,2026-01-14,REAL,CURATED_ACADEMIC
20,RoDTEP benefit rates for textile garment exports notified by Directorate General of Foreign Trade,"The Directorate General of Foreign Trade (DGFT) published the updated Remission of Duties and Taxes on Exported Products (RoDTEP) schedule, outlining eligible refund percentages on exported fabrics and apparels.",Policy,Official Gazette of Trade,2026-02-04,REAL,CURATED_ACADEMIC
21,Textile processing clusters in Tirupur maintain Zero Liquid Discharge compliance audit,"State pollution control authorities conducted annual environmental compliance verifications across CETPs (Common Effluent Treatment Plants) in Tirupur, confirming consistent reverse osmosis and brine recovery operations.",Sustainability,EcoTextile Monitor,2026-02-11,REAL,CURATED_ACADEMIC
22,Tripartite committee revises minimum wages for skilled spinning and weaving workers,The state labour commission announced a revised cost-of-living allowance and base wage scale for permanent textile mill workers following consultations between trade unions and mill associations.,Labour,Industrial Relations Bulletin,2026-02-19,REAL,CURATED_ACADEMIC
23,Organic cotton certification bodies introduce blockchain-based farm-to-shelf traceability,Leading textile standards organizations have rolled out decentralized ledger tracking for certified organic cotton bales to eliminate fraudulent certification claims in retail supply chains.,Sustainability,Global Organic Textile Times,2026-02-24,REAL,CURATED_ACADEMIC
24,Knitwear exporters association launches solar rooftop subsidy program for member factories,"In an effort to lower operating carbon footprints, the regional apparel manufacturers guild partnered with clean energy funds to subsidize industrial solar installations across 50 production units.",Sustainability,Renewable Textile Industrial Post,2026-02-25,REAL,CURATED_ACADEMIC
25,Textile exports to GCC countries show 14 percent growth under bilateral trade pact,"Trade data confirms higher export volumes of home furnishings, embroidered fabrics, and finished garments to United Arab Emirates and Saudi Arabia under streamlined duty structures.",Policy,International Trade Weekly,2026-02-26,REAL,CURATED_ACADEMIC
26,Government bans all cotton exports immediately overnight causing complete market crash,BREAKING: The government has issued an emergency midnight notification banning 100 percent of raw cotton and yarn exports indefinitely! Mill owners across the nation are shutting doors permanently as prices are guaranteed to plummet to zero rupees per candy tomorrow morning!,Cotton,Viral WhatsApp Forward,2026-01-16,FAKE,SYNTHETIC
27,Genetically modified alien cotton variety guarantees 500 percent yield with zero water requirement,Secret agricultural breakthrough! A newly engineered extraterrestrial cotton seed is being distributed underground that requires no water or fertilizer and produces 5000 kg per acre in just 15 days. Government scientists are hiding this from farmers!,Cotton,Daily Miracle News Blog,2026-01-22,FAKE,SYNTHETIC
28,All synthetic fabrics declared illegal and toxic by WHO; only 100% pure cotton allowed globally,"SHOCKING: The World Health Organization has banned all polyester, nylon, and synthetic clothes worldwide starting this Friday! Anyone caught wearing synthetic garments will face heavy fines. Everyone must burn their polyester clothes immediately!",Cotton,Conspiracy Herald,2026-02-03,FAKE,SYNTHETIC
29,Fake Chinese plastic silk flooding markets dissolves into toxic poison upon touching skin,BEWARE! Dangerous fake plastic silk sarees are being sold in every local bazaar. Medical researchers warn that wearing this fabric causes immediate skin paralysis and releases lethal chemical vapors into the bloodstream! Share this alert to save your family!,Silk,Sensational Viral Alerts,2026-01-19,FAKE,SYNTHETIC
30,Government announces free 10 lakh cash direct transfer to anyone purchasing raw silk yarn,"Claim your free money now! Under the urgent secret silk welfare scheme, every citizen who registers on this unofficial web portal will receive 10,00,000 rupees directly in their bank account within 2 hours without any verification!",Silk,Free Scheme Clickbait,2026-02-06,FAKE,SYNTHETIC
31,Australian sheep completely extinct due to mysterious virus; global wool supply finished forever,Catastrophic report! All merino sheep in Australia have perished overnight due to a secret bio-weapon. There will never be any woolen sweaters or blankets produced in the world again. Stockpile wool now before prices reach 1 lakh per kilogram!,Wool,Panic Post Daily,2026-01-14,FAKE,SYNTHETIC
32,Spinning mills to provide free unlimited yarn to all weavers following supreme court order,HISTORIC DECISION: The supreme court has ordered all private spinning mills to distribute 100% of their cotton yarn stock completely free of cost to any weaver who shows up at factory gates tomorrow morning. No payment required!,Yarn,Weaver Gossip Forum,2026-01-26,FAKE,SYNTHETIC
33,Secret chemical in polyester yarn causes clothes to burst into flames under direct sunlight,URGENT WARNING: Textile labs have discovered that all cheap polyester yarns sold this year contain self-igniting combustible chemicals. Hundreds of shirts are exploding spontaneously on the street under afternoon sun! Stop wearing clothes now!,Yarn,Fear Trend Online,2026-02-09,FAKE,SYNTHETIC
34,World trade body completely outlaws garment imports from Asian countries starting tomorrow,URGENT TRADE EMERGENCY: The WTO has permanently blocked all textile and apparel consignments from Asia effective midnight. Hundreds of thousands of container ships are being turned back into the ocean and all garment factories will close permanently!,Garments,Unverified Rumor Desk,2026-02-02,FAKE,SYNTHETIC
35,Smart clothing microchips secretly implanted in branded t-shirts to monitor citizen brainwaves,EXPOSED: Major fast-fashion brands have partnered with shadow intelligence agencies to weave quantum 5G microchips into t-shirt tags that read your private thoughts and track your exact location 24/7!,Technology,Deep Web Secrets,2026-02-13,FAKE,SYNTHETIC
36,Textile ministry announces 90 percent flat cash rebate on all machinery purchases with no audit,"HUGE OPPORTUNITY: The central textile ministry is giving away 90% instant cash back on any machinery bought from unregistered vendors. No invoices, tax filing, or factory inspection required. Apply on this third-party link immediately before slots close!",Subsidies,Subsidy Scams Hub,2026-01-17,FAKE,SYNTHETIC
37,All textile bank loans completely waived off by finance ministry in secret emergency decree,GREAT RELIEF: The government has erased 100 percent of all pending loans and credit lines for textile business owners without any repayment required. Simply forward this message to your bank branch manager to get immediate debt clearance!,Subsidies,WhatsApp Forward Express,2026-02-07,FAKE,SYNTHETIC
38,New textile policy imposes 500 percent tax on handloom sarees to force automated factory usage,OUTRAGEOUS: New confidential government policy leaked! Handloom weavers will now be taxed 500% on every handmade cloth to destroy traditional weaving and enrich billionaire factory owners. Strike called across all states!,Policy,Outrage Media Portal,2026-02-17,FAKE,SYNTHETIC
39,Major fashion brands secretly dumping radioactive waste into river water supplies,"CONFIDENTIAL LEAK: Multinational apparel brands have been caught using nuclear waste to dye denim jeans fluorescent blue, causing glowing radioactive rivers across three districts. Authorities are covering up the mass contamination!",Sustainability,Eco Scare Wire,2026-02-21,FAKE,SYNTHETIC
40,Robots to replace 100 percent of textile workers by next week under compulsory automation law,SHOCKING MANDATE: A new international law mandates that every garment factory must fire all human tailors and sewing operators by next Monday and deploy humanoid AI robots or face instant military closure!,Labour,Future Shock News,2026-02-23,FAKE,SYNTHETIC
41,Secret formula enables waterless dyeing using pure air alone with zero electricity consumption,"MIRACLE DISCOVERY: A rogue inventor has created a magical dye process using thin air that dyes 10,000 meters of cloth per second for zero cost. Big chemical corporations are trying to assassinate him to keep chemical prices high!",Technology,Miracle Inventions Daily,2026-02-27,FAKE,SYNTHETIC
42,Cotton export shipments register steady growth in Q3 financial review,"Market analysts report an upward trend in Cotton export volumes driven by consistent bilateral trade demand, stable raw material pricing, and enhanced logistical efficiency at major transit ports.",Cotton,Authoritative Industry Bulletin,2026-02-22,REAL,SYNTHETIC
43,Ministry of Textiles convenes stakeholder meeting to review Cotton quality standards,Senior officials from the Ministry of Textiles and industry trade bodies held a consultative conference to deliberate on revised Bureau of Indian Standards (BIS) parameters for Cotton manufacturing and testing protocols.,Cotton,National Textile Bureau,2026-02-23,REAL,SYNTHETIC
44,New technology upgrade initiative launched for sustainable Cotton processing units,State development agencies have rolled out an incentive scheme offering subsidized interest rates on energy-efficient machinery for micro and small enterprises operating within the Cotton sector.,Cotton,Eco Textile Gazette,2026-02-24,REAL,SYNTHETIC
45,Quarterly production estimates for Cotton sector indicate moderate expansion,"The National Textile Statistics Council released its quarterly digest indicating a 4.5 percent expansion in Cotton output, underpinned by domestic consumption and replenishment of retail apparel inventories.",Cotton,Textile Economic Review,2026-02-10,REAL,SYNTHETIC
46,Trade delegation signs memorandum of understanding for Cotton supply chain collaboration,An international textile trade council has concluded bilateral negotiations with regional textile associations to streamline export documentation and promote joint technical training in Cotton fabrication.,Cotton,Global Apparel Chronicle,2026-02-11,REAL,SYNTHETIC
47,Research institute develops high-efficiency spinning process for Cotton fiber blends,Textile engineering scientists have published validated trial findings on an optimized spindle speed configuration that reduces yarn hairiness and energy usage in Cotton spinning lines.,Cotton,Textile Engineering Research,2026-02-12,REAL,SYNTHETIC
48,Annual Cotton industry convention highlights digitalization and ERP integration,Industry leaders gathered at the national textile convention emphasized the role of automated inventory management and predictive maintenance in enhancing productivity across Cotton processing facilities.,Cotton,Industrial Management Today,2026-02-13,REAL,SYNTHETIC
49,Port authorities streamline container customs clearance for Cotton consignments,Customs authorities have implemented 24/7 automated green-channel clearance for compliant Cotton exporters to reduce dwell times and enhance maritime trade turnaround.,Cotton,Logistics & Cargo Monitor,2026-02-14,REAL,SYNTHETIC
50,Textile cluster completes solar microgrid installation to reduce operational carbon footprint in Cotton units,A leading industrial development corporation announced the successful commissioning of a 12MW shared solar array powering over 40 Cotton processing and finishing factories.,Cotton,Green Industry Post,2026-02-15,REAL,SYNTHETIC
51,SHOCKING: Government to seize all private Cotton stocks without compensation next week,URGENT LEAK: Insiders confirm the commerce department has drafted a secret executive order to confiscate all privately owned Cotton warehouses across the country starting Monday. Factory owners are urged to hide their inventory immediately!,Cotton,Viral WhatsApp Group Alert,2026-02-16,FAKE,SYNTHETIC
52,Miracle chemical eliminates all manufacturing cost for Cotton production forever,UNBELIEVABLE BREAKTHROUGH: A secret liquid created in a home garage makes Cotton 1000 times stronger and reduces production costs to zero rupees. Big textile monopolies are paying millions to suppress this video!,Cotton,Clickbait Trend Tube,2026-02-17,FAKE,SYNTHETIC
53,Total emergency ban imposed on Cotton sales; violators face immediate military arrest,BREAKING EMERGENCY: An unverified leaked notice claims that the international health tribunal has banned all production and sale of Cotton with immediate effect due to dangerous cosmic radiation. Share before this gets deleted!,Cotton,Panic Alert Network,2026-02-18,FAKE,SYNTHETIC
54,Claim your instant 50 lakh government grant for Cotton factories with no paperwork,"FREE MONEY ALERT: The prime minister has announced an emergency direct benefit transfer of 50,00,000 rupees for anyone who claims to own a Cotton business. Simply click this unverified external link and enter your bank OTP!",Cotton,Fraudulent Scheme Tracker,2026-02-19,FAKE,SYNTHETIC
55,All imported Cotton shipments proven to contain deadly mind-control bio-agents,TERRIFYING TRUTH: Independent anonymous whistleblowers claim foreign adversaries are infusing Cotton shipments with nano-toxins designed to manipulate public mood. Burn all your recent apparel purchases right now!,Cotton,Conspiracy Desk Wire,2026-02-20,FAKE,SYNTHETIC
56,Secret court order cancels all electricity and water charges for Cotton mills permanently,VICTORY FOR MILL OWNERS: The high court has secretly declared that no textile unit manufacturing Cotton will ever have to pay for electricity or water again. Do not pay your power bills from today onwards!,Cotton,Rumor Central Post,2026-02-21,FAKE,SYNTHETIC
57,Scientists warn that wearing Cotton causes spontaneous human combustion in hot weather,DOCTORS STUNNED: A viral social media study claims that Cotton materials attract solar microwaves and burst into flames on crowded buses. Thousands of cases are allegedly being covered up by hospital authorities!,Cotton,Sensational Health Scares,2026-02-22,FAKE,SYNTHETIC
58,Foreign government buying entire nation's Cotton supply at 100x market price tomorrow,GET RICH OVERNIGHT: A billionaire foreign prince is landing tomorrow to purchase every single kilogram of Cotton available in the country for 100 times normal market value. Do not sell to anyone else today!,Cotton,Speculative Trader Rumors,2026-02-23,FAKE,SYNTHETIC
59,Silk export shipments register steady growth in Q3 financial review,"Market analysts report an upward trend in Silk export volumes driven by consistent bilateral trade demand, stable raw material pricing, and enhanced logistical efficiency at major transit ports.",Silk,Authoritative Industry Bulletin,2026-02-24,REAL,SYNTHETIC
60,Ministry of Textiles convenes stakeholder meeting to review Silk quality standards,Senior officials from the Ministry of Textiles and industry trade bodies held a consultative conference to deliberate on revised Bureau of Indian Standards (BIS) parameters for Silk manufacturing and testing protocols.,Silk,National Textile Bureau,2026-02-10,REAL,SYNTHETIC
61,New technology upgrade initiative launched for sustainable Silk processing units,State development agencies have rolled out an incentive scheme offering subsidized interest rates on energy-efficient machinery for micro and small enterprises operating within the Silk sector.,Silk,Eco Textile Gazette,2026-02-11,REAL,SYNTHETIC
62,Quarterly production estimates for Silk sector indicate moderate expansion,"The National Textile Statistics Council released its quarterly digest indicating a 4.5 percent expansion in Silk output, underpinned by domestic consumption and replenishment of retail apparel inventories.",Silk,Textile Economic Review,2026-02-12,REAL,SYNTHETIC
63,Trade delegation signs memorandum of understanding for Silk supply chain collaboration,An international textile trade council has concluded bilateral negotiations with regional textile associations to streamline export documentation and promote joint technical training in Silk fabrication.,Silk,Global Apparel Chronicle,2026-02-13,REAL,SYNTHETIC
64,Research institute develops high-efficiency spinning process for Silk fiber blends,Textile engineering scientists have published validated trial findings on an optimized spindle speed configuration that reduces yarn hairiness and energy usage in Silk spinning lines.,Silk,Textile Engineering Research,2026-02-14,REAL,SYNTHETIC
65,Annual Silk industry convention highlights digitalization and ERP integration,Industry leaders gathered at the national textile convention emphasized the role of automated inventory management and predictive maintenance in enhancing productivity across Silk processing facilities.,Silk,Industrial Management Today,2026-02-15,REAL,SYNTHETIC
66,Port authorities streamline container customs clearance for Silk consignments,Customs authorities have implemented 24/7 automated green-channel clearance for compliant Silk exporters to reduce dwell times and enhance maritime trade turnaround.,Silk,Logistics & Cargo Monitor,2026-02-16,REAL,SYNTHETIC
67,Textile cluster completes solar microgrid installation to reduce operational carbon footprint in Silk units,A leading industrial development corporation announced the successful commissioning of a 12MW shared solar array powering over 40 Silk processing and finishing factories.,Silk,Green Industry Post,2026-02-17,REAL,SYNTHETIC
68,SHOCKING: Government to seize all private Silk stocks without compensation next week,URGENT LEAK: Insiders confirm the commerce department has drafted a secret executive order to confiscate all privately owned Silk warehouses across the country starting Monday. Factory owners are urged to hide their inventory immediately!,Silk,Viral WhatsApp Group Alert,2026-02-18,FAKE,SYNTHETIC
69,Miracle chemical eliminates all manufacturing cost for Silk production forever,UNBELIEVABLE BREAKTHROUGH: A secret liquid created in a home garage makes Silk 1000 times stronger and reduces production costs to zero rupees. Big textile monopolies are paying millions to suppress this video!,Silk,Clickbait Trend Tube,2026-02-19,FAKE,SYNTHETIC
70,Total emergency ban imposed on Silk sales; violators face immediate military arrest,BREAKING EMERGENCY: An unverified leaked notice claims that the international health tribunal has banned all production and sale of Silk with immediate effect due to dangerous cosmic radiation. Share before this gets deleted!,Silk,Panic Alert Network,2026-02-20,FAKE,SYNTHETIC
71,Claim your instant 50 lakh government grant for Silk factories with no paperwork,"FREE MONEY ALERT: The prime minister has announced an emergency direct benefit transfer of 50,00,000 rupees for anyone who claims to own a Silk business. Simply click this unverified external link and enter your bank OTP!",Silk,Fraudulent Scheme Tracker,2026-02-21,FAKE,SYNTHETIC
72,All imported Silk shipments proven to contain deadly mind-control bio-agents,TERRIFYING TRUTH: Independent anonymous whistleblowers claim foreign adversaries are infusing Silk shipments with nano-toxins designed to manipulate public mood. Burn all your recent apparel purchases right now!,Silk,Conspiracy Desk Wire,2026-02-22,FAKE,SYNTHETIC
73,Secret court order cancels all electricity and water charges for Silk mills permanently,VICTORY FOR MILL OWNERS: The high court has secretly declared that no textile unit manufacturing Silk will ever have to pay for electricity or water again. Do not pay your power bills from today onwards!,Silk,Rumor Central Post,2026-02-23,FAKE,SYNTHETIC
74,Scientists warn that wearing Silk causes spontaneous human combustion in hot weather,DOCTORS STUNNED: A viral social media study claims that Silk materials attract solar microwaves and burst into flames on crowded buses. Thousands of cases are allegedly being covered up by hospital authorities!,Silk,Sensational Health Scares,2026-02-24,FAKE,SYNTHETIC
75,Foreign government buying entire nation's Silk supply at 100x market price tomorrow,GET RICH OVERNIGHT: A billionaire foreign prince is landing tomorrow to purchase every single kilogram of Silk available in the country for 100 times normal market value. Do not sell to anyone else today!,Silk,Speculative Trader Rumors,2026-02-10,FAKE,SYNTHETIC
76,Wool export shipments register steady growth in Q3 financial review,"Market analysts report an upward trend in Wool export volumes driven by consistent bilateral trade demand, stable raw material pricing, and enhanced logistical efficiency at major transit ports.",Wool,Authoritative Industry Bulletin,2026-02-11,REAL,SYNTHETIC
77,Ministry of Textiles convenes stakeholder meeting to review Wool quality standards,Senior officials from the Ministry of Textiles and industry trade bodies held a consultative conference to deliberate on revised Bureau of Indian Standards (BIS) parameters for Wool manufacturing and testing protocols.,Wool,National Textile Bureau,2026-02-12,REAL,SYNTHETIC
78,New technology upgrade initiative launched for sustainable Wool processing units,State development agencies have rolled out an incentive scheme offering subsidized interest rates on energy-efficient machinery for micro and small enterprises operating within the Wool sector.,Wool,Eco Textile Gazette,2026-02-13,REAL,SYNTHETIC
79,Quarterly production estimates for Wool sector indicate moderate expansion,"The National Textile Statistics Council released its quarterly digest indicating a 4.5 percent expansion in Wool output, underpinned by domestic consumption and replenishment of retail apparel inventories.",Wool,Textile Economic Review,2026-02-14,REAL,SYNTHETIC
80,Trade delegation signs memorandum of understanding for Wool supply chain collaboration,An international textile trade council has concluded bilateral negotiations with regional textile associations to streamline export documentation and promote joint technical training in Wool fabrication.,Wool,Global Apparel Chronicle,2026-02-15,REAL,SYNTHETIC
81,Research institute develops high-efficiency spinning process for Wool fiber blends,Textile engineering scientists have published validated trial findings on an optimized spindle speed configuration that reduces yarn hairiness and energy usage in Wool spinning lines.,Wool,Textile Engineering Research,2026-02-16,REAL,SYNTHETIC
82,Annual Wool industry convention highlights digitalization and ERP integration,Industry leaders gathered at the national textile convention emphasized the role of automated inventory management and predictive maintenance in enhancing productivity across Wool processing facilities.,Wool,Industrial Management Today,2026-02-17,REAL,SYNTHETIC
83,Port authorities streamline container customs clearance for Wool consignments,Customs authorities have implemented 24/7 automated green-channel clearance for compliant Wool exporters to reduce dwell times and enhance maritime trade turnaround.,Wool,Logistics & Cargo Monitor,2026-02-18,REAL,SYNTHETIC
84,Textile cluster completes solar microgrid installation to reduce operational carbon footprint in Wool units,A leading industrial development corporation announced the successful commissioning of a 12MW shared solar array powering over 40 Wool processing and finishing factories.,Wool,Green Industry Post,2026-02-19,REAL,SYNTHETIC
85,SHOCKING: Government to seize all private Wool stocks without compensation next week,URGENT LEAK: Insiders confirm the commerce department has drafted a secret executive order to confiscate all privately owned Wool warehouses across the country starting Monday. Factory owners are urged to hide their inventory immediately!,Wool,Viral WhatsApp Group Alert,2026-02-20,FAKE,SYNTHETIC
86,Miracle chemical eliminates all manufacturing cost for Wool production forever,UNBELIEVABLE BREAKTHROUGH: A secret liquid created in a home garage makes Wool 1000 times stronger and reduces production costs to zero rupees. Big textile monopolies are paying millions to suppress this video!,Wool,Clickbait Trend Tube,2026-02-21,FAKE,SYNTHETIC
87,Total emergency ban imposed on Wool sales; violators face immediate military arrest,BREAKING EMERGENCY: An unverified leaked notice claims that the international health tribunal has banned all production and sale of Wool with immediate effect due to dangerous cosmic radiation. Share before this gets deleted!,Wool,Panic Alert Network,2026-02-22,FAKE,SYNTHETIC
88,Claim your instant 50 lakh government grant for Wool factories with no paperwork,"FREE MONEY ALERT: The prime minister has announced an emergency direct benefit transfer of 50,00,000 rupees for anyone who claims to own a Wool business. Simply click this unverified external link and enter your bank OTP!",Wool,Fraudulent Scheme Tracker,2026-02-23,FAKE,SYNTHETIC
89,All imported Wool shipments proven to contain deadly mind-control bio-agents,TERRIFYING TRUTH: Independent anonymous whistleblowers claim foreign adversaries are infusing Wool shipments with nano-toxins designed to manipulate public mood. Burn all your recent apparel purchases right now!,Wool,Conspiracy Desk Wire,2026-02-24,FAKE,SYNTHETIC
90,Secret court order cancels all electricity and water charges for Wool mills permanently,VICTORY FOR MILL OWNERS: The high court has secretly declared that no textile unit manufacturing Wool will ever have to pay for electricity or water again. Do not pay your power bills from today onwards!,Wool,Rumor Central Post,2026-02-10,FAKE,SYNTHETIC
91,Scientists warn that wearing Wool causes spontaneous human combustion in hot weather,DOCTORS STUNNED: A viral social media study claims that Wool materials attract solar microwaves and burst into flames on crowded buses. Thousands of cases are allegedly being covered up by hospital authorities!,Wool,Sensational Health Scares,2026-02-11,FAKE,SYNTHETIC
92,Foreign government buying entire nation's Wool supply at 100x market price tomorrow,GET RICH OVERNIGHT: A billionaire foreign prince is landing tomorrow to purchase every single kilogram of Wool available in the country for 100 times normal market value. Do not sell to anyone else today!,Wool,Speculative Trader Rumors,2026-02-12,FAKE,SYNTHETIC
93,Yarn export shipments register steady growth in Q3 financial review,"Market analysts report an upward trend in Yarn export volumes driven by consistent bilateral trade demand, stable raw material pricing, and enhanced logistical efficiency at major transit ports.",Yarn,Authoritative Industry Bulletin,2026-02-13,REAL,SYNTHETIC
94,Ministry of Textiles convenes stakeholder meeting to review Yarn quality standards,Senior officials from the Ministry of Textiles and industry trade bodies held a consultative conference to deliberate on revised Bureau of Indian Standards (BIS) parameters for Yarn manufacturing and testing protocols.,Yarn,National Textile Bureau,2026-02-14,REAL,SYNTHETIC
95,New technology upgrade initiative launched for sustainable Yarn processing units,State development agencies have rolled out an incentive scheme offering subsidized interest rates on energy-efficient machinery for micro and small enterprises operating within the Yarn sector.,Yarn,Eco Textile Gazette,2026-02-15,REAL,SYNTHETIC
96,Quarterly production estimates for Yarn sector indicate moderate expansion,"The National Textile Statistics Council released its quarterly digest indicating a 4.5 percent expansion in Yarn output, underpinned by domestic consumption and replenishment of retail apparel inventories.",Yarn,Textile Economic Review,2026-02-16,REAL,SYNTHETIC
97,Trade delegation signs memorandum of understanding for Yarn supply chain collaboration,An international textile trade council has concluded bilateral negotiations with regional textile associations to streamline export documentation and promote joint technical training in Yarn fabrication.,Yarn,Global Apparel Chronicle,2026-02-17,REAL,SYNTHETIC
98,Research institute develops high-efficiency spinning process for Yarn fiber blends,Textile engineering scientists have published validated trial findings on an optimized spindle speed configuration that reduces yarn hairiness and energy usage in Yarn spinning lines.,Yarn,Textile Engineering Research,2026-02-18,REAL,SYNTHETIC
99,Annual Yarn industry convention highlights digitalization and ERP integration,Industry leaders gathered at the national textile convention emphasized the role of automated inventory management and predictive maintenance in enhancing productivity across Yarn processing facilities.,Yarn,Industrial Management Today,2026-02-19,REAL,SYNTHETIC
100,Port authorities streamline container customs clearance for Yarn consignments,Customs authorities have implemented 24/7 automated green-channel clearance for compliant Yarn exporters to reduce dwell times and enhance maritime trade turnaround.,Yarn,Logistics & Cargo Monitor,2026-02-20,REAL,SYNTHETIC
101,Textile cluster completes solar microgrid installation to reduce operational carbon footprint in Yarn units,A leading industrial development corporation announced the successful commissioning of a 12MW shared solar array powering over 40 Yarn processing and finishing factories.,Yarn,Green Industry Post,2026-02-21,REAL,SYNTHETIC
102,SHOCKING: Government to seize all private Yarn stocks without compensation next week,URGENT LEAK: Insiders confirm the commerce department has drafted a secret executive order to confiscate all privately owned Yarn warehouses across the country starting Monday. Factory owners are urged to hide their inventory immediately!,Yarn,Viral WhatsApp Group Alert,2026-02-22,FAKE,SYNTHETIC
103,Miracle chemical eliminates all manufacturing cost for Yarn production forever,UNBELIEVABLE BREAKTHROUGH: A secret liquid created in a home garage makes Yarn 1000 times stronger and reduces production costs to zero rupees. Big textile monopolies are paying millions to suppress this video!,Yarn,Clickbait Trend Tube,2026-02-23,FAKE,SYNTHETIC
104,Total emergency ban imposed on Yarn sales; violators face immediate military arrest,BREAKING EMERGENCY: An unverified leaked notice claims that the international health tribunal has banned all production and sale of Yarn with immediate effect due to dangerous cosmic radiation. Share before this gets deleted!,Yarn,Panic Alert Network,2026-02-24,FAKE,SYNTHETIC
105,Claim your instant 50 lakh government grant for Yarn factories with no paperwork,"FREE MONEY ALERT: The prime minister has announced an emergency direct benefit transfer of 50,00,000 rupees for anyone who claims to own a Yarn business. Simply click this unverified external link and enter your bank OTP!",Yarn,Fraudulent Scheme Tracker,2026-02-10,FAKE,SYNTHETIC
106,All imported Yarn shipments proven to contain deadly mind-control bio-agents,TERRIFYING TRUTH: Independent anonymous whistleblowers claim foreign adversaries are infusing Yarn shipments with nano-toxins designed to manipulate public mood. Burn all your recent apparel purchases right now!,Yarn,Conspiracy Desk Wire,2026-02-11,FAKE,SYNTHETIC
107,Secret court order cancels all electricity and water charges for Yarn mills permanently,VICTORY FOR MILL OWNERS: The high court has secretly declared that no textile unit manufacturing Yarn will ever have to pay for electricity or water again. Do not pay your power bills from today onwards!,Yarn,Rumor Central Post,2026-02-12,FAKE,SYNTHETIC
108,Scientists warn that wearing Yarn causes spontaneous human combustion in hot weather,DOCTORS STUNNED: A viral social media study claims that Yarn materials attract solar microwaves and burst into flames on crowded buses. Thousands of cases are allegedly being covered up by hospital authorities!,Yarn,Sensational Health Scares,2026-02-13,FAKE,SYNTHETIC
109,Foreign government buying entire nation's Yarn supply at 100x market price tomorrow,GET RICH OVERNIGHT: A billionaire foreign prince is landing tomorrow to purchase every single kilogram of Yarn available in the country for 100 times normal market value. Do not sell to anyone else today!,Yarn,Speculative Trader Rumors,2026-02-14,FAKE,SYNTHETIC
110,Fabrics export shipments register steady growth in Q3 financial review,"Market analysts report an upward trend in Fabrics export volumes driven by consistent bilateral trade demand, stable raw material pricing, and enhanced logistical efficiency at major transit ports.",Fabrics,Authoritative Industry Bulletin,2026-02-15,REAL,SYNTHETIC
111,Ministry of Textiles convenes stakeholder meeting to review Fabrics quality standards,Senior officials from the Ministry of Textiles and industry trade bodies held a consultative conference to deliberate on revised Bureau of Indian Standards (BIS) parameters for Fabrics manufacturing and testing protocols.,Fabrics,National Textile Bureau,2026-02-16,REAL,SYNTHETIC
112,New technology upgrade initiative launched for sustainable Fabrics processing units,State development agencies have rolled out an incentive scheme offering subsidized interest rates on energy-efficient machinery for micro and small enterprises operating within the Fabrics sector.,Fabrics,Eco Textile Gazette,2026-02-17,REAL,SYNTHETIC
113,Quarterly production estimates for Fabrics sector indicate moderate expansion,"The National Textile Statistics Council released its quarterly digest indicating a 4.5 percent expansion in Fabrics output, underpinned by domestic consumption and replenishment of retail apparel inventories.",Fabrics,Textile Economic Review,2026-02-18,REAL,SYNTHETIC
114,Trade delegation signs memorandum of understanding for Fabrics supply chain collaboration,An international textile trade council has concluded bilateral negotiations with regional textile associations to streamline export documentation and promote joint technical training in Fabrics fabrication.,Fabrics,Global Apparel Chronicle,2026-02-19,REAL,SYNTHETIC
115,Research institute develops high-efficiency spinning process for Fabrics fiber blends,Textile engineering scientists have published validated trial findings on an optimized spindle speed configuration that reduces yarn hairiness and energy usage in Fabrics spinning lines.,Fabrics,Textile Engineering Research,2026-02-20,REAL,SYNTHETIC
116,Annual Fabrics industry convention highlights digitalization and ERP integration,Industry leaders gathered at the national textile convention emphasized the role of automated inventory management and predictive maintenance in enhancing productivity across Fabrics processing facilities.,Fabrics,Industrial Management Today,2026-02-21,REAL,SYNTHETIC
117,Port authorities streamline container customs clearance for Fabrics consignments,Customs authorities have implemented 24/7 automated green-channel clearance for compliant Fabrics exporters to reduce dwell times and enhance maritime trade turnaround.,Fabrics,Logistics & Cargo Monitor,2026-02-22,REAL,SYNTHETIC
118,Textile cluster completes solar microgrid installation to reduce operational carbon footprint in Fabrics units,A leading industrial development corporation announced the successful commissioning of a 12MW shared solar array powering over 40 Fabrics processing and finishing factories.,Fabrics,Green Industry Post,2026-02-23,REAL,SYNTHETIC
119,SHOCKING: Government to seize all private Fabrics stocks without compensation next week,URGENT LEAK: Insiders confirm the commerce department has drafted a secret executive order to confiscate all privately owned Fabrics warehouses across the country starting Monday. Factory owners are urged to hide their inventory immediately!,Fabrics,Viral WhatsApp Group Alert,2026-02-24,FAKE,SYNTHETIC
120,Miracle chemical eliminates all manufacturing cost for Fabrics production forever,UNBELIEVABLE BREAKTHROUGH: A secret liquid created in a home garage makes Fabrics 1000 times stronger and reduces production costs to zero rupees. Big textile monopolies are paying millions to suppress this video!,Fabrics,Clickbait Trend Tube,2026-02-10,FAKE,SYNTHETIC
121,Total emergency ban imposed on Fabrics sales; violators face immediate military arrest,BREAKING EMERGENCY: An unverified leaked notice claims that the international health tribunal has banned all production and sale of Fabrics with immediate effect due to dangerous cosmic radiation. Share before this gets deleted!,Fabrics,Panic Alert Network,2026-02-11,FAKE,SYNTHETIC
122,Claim your instant 50 lakh government grant for Fabrics factories with no paperwork,"FREE MONEY ALERT: The prime minister has announced an emergency direct benefit transfer of 50,00,000 rupees for anyone who claims to own a Fabrics business. Simply click this unverified external link and enter your bank OTP!",Fabrics,Fraudulent Scheme Tracker,2026-02-12,FAKE,SYNTHETIC
123,All imported Fabrics shipments proven to contain deadly mind-control bio-agents,TERRIFYING TRUTH: Independent anonymous whistleblowers claim foreign adversaries are infusing Fabrics shipments with nano-toxins designed to manipulate public mood. Burn all your recent apparel purchases right now!,Fabrics,Conspiracy Desk Wire,2026-02-13,FAKE,SYNTHETIC
124,Secret court order cancels all electricity and water charges for Fabrics mills permanently,VICTORY FOR MILL OWNERS: The high court has secretly declared that no textile unit manufacturing Fabrics will ever have to pay for electricity or water again. Do not pay your power bills from today onwards!,Fabrics,Rumor Central Post,2026-02-14,FAKE,SYNTHETIC
125,Scientists warn that wearing Fabrics causes spontaneous human combustion in hot weather,DOCTORS STUNNED: A viral social media study claims that Fabrics materials attract solar microwaves and burst into flames on crowded buses. Thousands of cases are allegedly being covered up by hospital authorities!,Fabrics,Sensational Health Scares,2026-02-15,FAKE,SYNTHETIC
126,Foreign government buying entire nation's Fabrics supply at 100x market price tomorrow,GET RICH OVERNIGHT: A billionaire foreign prince is landing tomorrow to purchase every single kilogram of Fabrics available in the country for 100 times normal market value. Do not sell to anyone else today!,Fabrics,Speculative Trader Rumors,2026-02-16,FAKE,SYNTHETIC
127,Garments export shipments register steady growth in Q3 financial review,"Market analysts report an upward trend in Garments export volumes driven by consistent bilateral trade demand, stable raw material pricing, and enhanced logistical efficiency at major transit ports.",Garments,Authoritative Industry Bulletin,2026-02-17,REAL,SYNTHETIC
128,Ministry of Textiles convenes stakeholder meeting to review Garments quality standards,Senior officials from the Ministry of Textiles and industry trade bodies held a consultative conference to deliberate on revised Bureau of Indian Standards (BIS) parameters for Garments manufacturing and testing protocols.,Garments,National Textile Bureau,2026-02-18,REAL,SYNTHETIC
129,New technology upgrade initiative launched for sustainable Garments processing units,State development agencies have rolled out an incentive scheme offering subsidized interest rates on energy-efficient machinery for micro and small enterprises operating within the Garments sector.,Garments,Eco Textile Gazette,2026-02-19,REAL,SYNTHETIC
130,Quarterly production estimates for Garments sector indicate moderate expansion,"The National Textile Statistics Council released its quarterly digest indicating a 4.5 percent expansion in Garments output, underpinned by domestic consumption and replenishment of retail apparel inventories.",Garments,Textile Economic Review,2026-02-20,REAL,SYNTHETIC
131,Trade delegation signs memorandum of understanding for Garments supply chain collaboration,An international textile trade council has concluded bilateral negotiations with regional textile associations to streamline export documentation and promote joint technical training in Garments fabrication.,Garments,Global Apparel Chronicle,2026-02-21,REAL,SYNTHETIC
132,Research institute develops high-efficiency spinning process for Garments fiber blends,Textile engineering scientists have published validated trial findings on an optimized spindle speed configuration that reduces yarn hairiness and energy usage in Garments spinning lines.,Garments,Textile Engineering Research,2026-02-22,REAL,SYNTHETIC
133,Annual Garments industry convention highlights digitalization and ERP integration,Industry leaders gathered at the national textile convention emphasized the role of automated inventory management and predictive maintenance in enhancing productivity across Garments processing facilities.,Garments,Industrial Management Today,2026-02-23,REAL,SYNTHETIC
134,Port authorities streamline container customs clearance for Garments consignments,Customs authorities have implemented 24/7 automated green-channel clearance for compliant Garments exporters to reduce dwell times and enhance maritime trade turnaround.,Garments,Logistics & Cargo Monitor,2026-02-24,REAL,SYNTHETIC
135,Textile cluster completes solar microgrid installation to reduce operational carbon footprint in Garments units,A leading industrial development corporation announced the successful commissioning of a 12MW shared solar array powering over 40 Garments processing and finishing factories.,Garments,Green Industry Post,2026-02-10,REAL,SYNTHETIC
136,SHOCKING: Government to seize all private Garments stocks without compensation next week,URGENT LEAK: Insiders confirm the commerce department has drafted a secret executive order to confiscate all privately owned Garments warehouses across the country starting Monday. Factory owners are urged to hide their inventory immediately!,Garments,Viral WhatsApp Group Alert,2026-02-11,FAKE,SYNTHETIC
137,Miracle chemical eliminates all manufacturing cost for Garments production forever,UNBELIEVABLE BREAKTHROUGH: A secret liquid created in a home garage makes Garments 1000 times stronger and reduces production costs to zero rupees. Big textile monopolies are paying millions to suppress this video!,Garments,Clickbait Trend Tube,2026-02-12,FAKE,SYNTHETIC
138,Total emergency ban imposed on Garments sales; violators face immediate military arrest,BREAKING EMERGENCY: An unverified leaked notice claims that the international health tribunal has banned all production and sale of Garments with immediate effect due to dangerous cosmic radiation. Share before this gets deleted!,Garments,Panic Alert Network,2026-02-13,FAKE,SYNTHETIC
139,Claim your instant 50 lakh government grant for Garments factories with no paperwork,"FREE MONEY ALERT: The prime minister has announced an emergency direct benefit transfer of 50,00,000 rupees for anyone who claims to own a Garments business. Simply click this unverified external link and enter your bank OTP!",Garments,Fraudulent Scheme Tracker,2026-02-14,FAKE,SYNTHETIC
140,All imported Garments shipments proven to contain deadly mind-control bio-agents,TERRIFYING TRUTH: Independent anonymous whistleblowers claim foreign adversaries are infusing Garments shipments with nano-toxins designed to manipulate public mood. Burn all your recent apparel purchases right now!,Garments,Conspiracy Desk Wire,2026-02-15,FAKE,SYNTHETIC
141,Secret court order cancels all electricity and water charges for Garments mills permanently,VICTORY FOR MILL OWNERS: The high court has secretly declared that no textile unit manufacturing Garments will ever have to pay for electricity or water again. Do not pay your power bills from today onwards!,Garments,Rumor Central Post,2026-02-16,FAKE,SYNTHETIC
142,Scientists warn that wearing Garments causes spontaneous human combustion in hot weather,DOCTORS STUNNED: A viral social media study claims that Garments materials attract solar microwaves and burst into flames on crowded buses. Thousands of cases are allegedly being covered up by hospital authorities!,Garments,Sensational Health Scares,2026-02-17,FAKE,SYNTHETIC
143,Foreign government buying entire nation's Garments supply at 100x market price tomorrow,GET RICH OVERNIGHT: A billionaire foreign prince is landing tomorrow to purchase every single kilogram of Garments available in the country for 100 times normal market value. Do not sell to anyone else today!,Garments,Speculative Trader Rumors,2026-02-18,FAKE,SYNTHETIC
144,Machinery export shipments register steady growth in Q3 financial review,"Market analysts report an upward trend in Machinery export volumes driven by consistent bilateral trade demand, stable raw material pricing, and enhanced logistical efficiency at major transit ports.",Machinery,Authoritative Industry Bulletin,2026-02-19,REAL,SYNTHETIC
145,Ministry of Textiles convenes stakeholder meeting to review Machinery quality standards,Senior officials from the Ministry of Textiles and industry trade bodies held a consultative conference to deliberate on revised Bureau of Indian Standards (BIS) parameters for Machinery manufacturing and testing protocols.,Machinery,National Textile Bureau,2026-02-20,REAL,SYNTHETIC
146,New technology upgrade initiative launched for sustainable Machinery processing units,State development agencies have rolled out an incentive scheme offering subsidized interest rates on energy-efficient machinery for micro and small enterprises operating within the Machinery sector.,Machinery,Eco Textile Gazette,2026-02-21,REAL,SYNTHETIC
147,Quarterly production estimates for Machinery sector indicate moderate expansion,"The National Textile Statistics Council released its quarterly digest indicating a 4.5 percent expansion in Machinery output, underpinned by domestic consumption and replenishment of retail apparel inventories.",Machinery,Textile Economic Review,2026-02-22,REAL,SYNTHETIC
148,Trade delegation signs memorandum of understanding for Machinery supply chain collaboration,An international textile trade council has concluded bilateral negotiations with regional textile associations to streamline export documentation and promote joint technical training in Machinery fabrication.,Machinery,Global Apparel Chronicle,2026-02-23,REAL,SYNTHETIC
149,Research institute develops high-efficiency spinning process for Machinery fiber blends,Textile engineering scientists have published validated trial findings on an optimized spindle speed configuration that reduces yarn hairiness and energy usage in Machinery spinning lines.,Machinery,Textile Engineering Research,2026-02-24,REAL,SYNTHETIC
150,Annual Machinery industry convention highlights digitalization and ERP integration,Industry leaders gathered at the national textile convention emphasized the role of automated inventory management and predictive maintenance in enhancing productivity across Machinery processing facilities.,Machinery,Industrial Management Today,2026-02-10,REAL,SYNTHETIC
151,Port authorities streamline container customs clearance for Machinery consignments,Customs authorities have implemented 24/7 automated green-channel clearance for compliant Machinery exporters to reduce dwell times and enhance maritime trade turnaround.,Machinery,Logistics & Cargo Monitor,2026-02-11,REAL,SYNTHETIC
152,Textile cluster completes solar microgrid installation to reduce operational carbon footprint in Machinery units,A leading industrial development corporation announced the successful commissioning of a 12MW shared solar array powering over 40 Machinery processing and finishing factories.,Machinery,Green Industry Post,2026-02-12,REAL,SYNTHETIC
153,SHOCKING: Government to seize all private Machinery stocks without compensation next week,URGENT LEAK: Insiders confirm the commerce department has drafted a secret executive order to confiscate all privately owned Machinery warehouses across the country starting Monday. Factory owners are urged to hide their inventory immediately!,Machinery,Viral WhatsApp Group Alert,2026-02-13,FAKE,SYNTHETIC
154,Miracle chemical eliminates all manufacturing cost for Machinery production forever,UNBELIEVABLE BREAKTHROUGH: A secret liquid created in a home garage makes Machinery 1000 times stronger and reduces production costs to zero rupees. Big textile monopolies are paying millions to suppress this video!,Machinery,Clickbait Trend Tube,2026-02-14,FAKE,SYNTHETIC
155,Total emergency ban imposed on Machinery sales; violators face immediate military arrest,BREAKING EMERGENCY: An unverified leaked notice claims that the international health tribunal has banned all production and sale of Machinery with immediate effect due to dangerous cosmic radiation. Share before this gets deleted!,Machinery,Panic Alert Network,2026-02-15,FAKE,SYNTHETIC
156,Claim your instant 50 lakh government grant for Machinery factories with no paperwork,"FREE MONEY ALERT: The prime minister has announced an emergency direct benefit transfer of 50,00,000 rupees for anyone who claims to own a Machinery business. Simply click this unverified external link and enter your bank OTP!",Machinery,Fraudulent Scheme Tracker,2026-02-16,FAKE,SYNTHETIC
157,All imported Machinery shipments proven to contain deadly mind-control bio-agents,TERRIFYING TRUTH: Independent anonymous whistleblowers claim foreign adversaries are infusing Machinery shipments with nano-toxins designed to manipulate public mood. Burn all your recent apparel purchases right now!,Machinery,Conspiracy Desk Wire,2026-02-17,FAKE,SYNTHETIC
158,Secret court order cancels all electricity and water charges for Machinery mills permanently,VICTORY FOR MILL OWNERS: The high court has secretly declared that no textile unit manufacturing Machinery will ever have to pay for electricity or water again. Do not pay your power bills from today onwards!,Machinery,Rumor Central Post,2026-02-18,FAKE,SYNTHETIC
159,Scientists warn that wearing Machinery causes spontaneous human combustion in hot weather,DOCTORS STUNNED: A viral social media study claims that Machinery materials attract solar microwaves and burst into flames on crowded buses. Thousands of cases are allegedly being covered up by hospital authorities!,Machinery,Sensational Health Scares,2026-02-19,FAKE,SYNTHETIC
160,Foreign government buying entire nation's Machinery supply at 100x market price tomorrow,GET RICH OVERNIGHT: A billionaire foreign prince is landing tomorrow to purchase every single kilogram of Machinery available in the country for 100 times normal market value. Do not sell to anyone else today!,Machinery,Speculative Trader Rumors,2026-02-20,FAKE,SYNTHETIC
161,Subsidies export shipments register steady growth in Q3 financial review,"Market analysts report an upward trend in Subsidies export volumes driven by consistent bilateral trade demand, stable raw material pricing, and enhanced logistical efficiency at major transit ports.",Subsidies,Authoritative Industry Bulletin,2026-02-21,REAL,SYNTHETIC
162,Ministry of Textiles convenes stakeholder meeting to review Subsidies quality standards,Senior officials from the Ministry of Textiles and industry trade bodies held a consultative conference to deliberate on revised Bureau of Indian Standards (BIS) parameters for Subsidies manufacturing and testing protocols.,Subsidies,National Textile Bureau,2026-02-22,REAL,SYNTHETIC
163,New technology upgrade initiative launched for sustainable Subsidies processing units,State development agencies have rolled out an incentive scheme offering subsidized interest rates on energy-efficient machinery for micro and small enterprises operating within the Subsidies sector.,Subsidies,Eco Textile Gazette,2026-02-23,REAL,SYNTHETIC
164,Quarterly production estimates for Subsidies sector indicate moderate expansion,"The National Textile Statistics Council released its quarterly digest indicating a 4.5 percent expansion in Subsidies output, underpinned by domestic consumption and replenishment of retail apparel inventories.",Subsidies,Textile Economic Review,2026-02-24,REAL,SYNTHETIC
165,Trade delegation signs memorandum of understanding for Subsidies supply chain collaboration,An international textile trade council has concluded bilateral negotiations with regional textile associations to streamline export documentation and promote joint technical training in Subsidies fabrication.,Subsidies,Global Apparel Chronicle,2026-02-10,REAL,SYNTHETIC
166,Research institute develops high-efficiency spinning process for Subsidies fiber blends,Textile engineering scientists have published validated trial findings on an optimized spindle speed configuration that reduces yarn hairiness and energy usage in Subsidies spinning lines.,Subsidies,Textile Engineering Research,2026-02-11,REAL,SYNTHETIC
167,Annual Subsidies industry convention highlights digitalization and ERP integration,Industry leaders gathered at the national textile convention emphasized the role of automated inventory management and predictive maintenance in enhancing productivity across Subsidies processing facilities.,Subsidies,Industrial Management Today,2026-02-12,REAL,SYNTHETIC
168,Port authorities streamline container customs clearance for Subsidies consignments,Customs authorities have implemented 24/7 automated green-channel clearance for compliant Subsidies exporters to reduce dwell times and enhance maritime trade turnaround.,Subsidies,Logistics & Cargo Monitor,2026-02-13,REAL,SYNTHETIC
169,Textile cluster completes solar microgrid installation to reduce operational carbon footprint in Subsidies units,A leading industrial development corporation announced the successful commissioning of a 12MW shared solar array powering over 40 Subsidies processing and finishing factories.,Subsidies,Green Industry Post,2026-02-14,REAL,SYNTHETIC
170,SHOCKING: Government to seize all private Subsidies stocks without compensation next week,URGENT LEAK: Insiders confirm the commerce department has drafted a secret executive order to confiscate all privately owned Subsidies warehouses across the country starting Monday. Factory owners are urged to hide their inventory immediately!,Subsidies,Viral WhatsApp Group Alert,2026-02-15,FAKE,SYNTHETIC
171,Miracle chemical eliminates all manufacturing cost for Subsidies production forever,UNBELIEVABLE BREAKTHROUGH: A secret liquid created in a home garage makes Subsidies 1000 times stronger and reduces production costs to zero rupees. Big textile monopolies are paying millions to suppress this video!,Subsidies,Clickbait Trend Tube,2026-02-16,FAKE,SYNTHETIC
172,Total emergency ban imposed on Subsidies sales; violators face immediate military arrest,BREAKING EMERGENCY: An unverified leaked notice claims that the international health tribunal has banned all production and sale of Subsidies with immediate effect due to dangerous cosmic radiation. Share before this gets deleted!,Subsidies,Panic Alert Network,2026-02-17,FAKE,SYNTHETIC
173,Claim your instant 50 lakh government grant for Subsidies factories with no paperwork,"FREE MONEY ALERT: The prime minister has announced an emergency direct benefit transfer of 50,00,000 rupees for anyone who claims to own a Subsidies business. Simply click this unverified external link and enter your bank OTP!",Subsidies,Fraudulent Scheme Tracker,2026-02-18,FAKE,SYNTHETIC
174,All imported Subsidies shipments proven to contain deadly mind-control bio-agents,TERRIFYING TRUTH: Independent anonymous whistleblowers claim foreign adversaries are infusing Subsidies shipments with nano-toxins designed to manipulate public mood. Burn all your recent apparel purchases right now!,Subsidies,Conspiracy Desk Wire,2026-02-19,FAKE,SYNTHETIC
175,Secret court order cancels all electricity and water charges for Subsidies mills permanently,VICTORY FOR MILL OWNERS: The high court has secretly declared that no textile unit manufacturing Subsidies will ever have to pay for electricity or water again. Do not pay your power bills from today onwards!,Subsidies,Rumor Central Post,2026-02-20,FAKE,SYNTHETIC
176,Scientists warn that wearing Subsidies causes spontaneous human combustion in hot weather,DOCTORS STUNNED: A viral social media study claims that Subsidies materials attract solar microwaves and burst into flames on crowded buses. Thousands of cases are allegedly being covered up by hospital authorities!,Subsidies,Sensational Health Scares,2026-02-21,FAKE,SYNTHETIC
177,Foreign government buying entire nation's Subsidies supply at 100x market price tomorrow,GET RICH OVERNIGHT: A billionaire foreign prince is landing tomorrow to purchase every single kilogram of Subsidies available in the country for 100 times normal market value. Do not sell to anyone else today!,Subsidies,Speculative Trader Rumors,2026-02-22,FAKE,SYNTHETIC
178,Policy export shipments register steady growth in Q3 financial review,"Market analysts report an upward trend in Policy export volumes driven by consistent bilateral trade demand, stable raw material pricing, and enhanced logistical efficiency at major transit ports.",Policy,Authoritative Industry Bulletin,2026-02-23,REAL,SYNTHETIC
179,Ministry of Textiles convenes stakeholder meeting to review Policy quality standards,Senior officials from the Ministry of Textiles and industry trade bodies held a consultative conference to deliberate on revised Bureau of Indian Standards (BIS) parameters for Policy manufacturing and testing protocols.,Policy,National Textile Bureau,2026-02-24,REAL,SYNTHETIC
180,New technology upgrade initiative launched for sustainable Policy processing units,State development agencies have rolled out an incentive scheme offering subsidized interest rates on energy-efficient machinery for micro and small enterprises operating within the Policy sector.,Policy,Eco Textile Gazette,2026-02-10,REAL,SYNTHETIC
181,Quarterly production estimates for Policy sector indicate moderate expansion,"The National Textile Statistics Council released its quarterly digest indicating a 4.5 percent expansion in Policy output, underpinned by domestic consumption and replenishment of retail apparel inventories.",Policy,Textile Economic Review,2026-02-11,REAL,SYNTHETIC
182,Trade delegation signs memorandum of understanding for Policy supply chain collaboration,An international textile trade council has concluded bilateral negotiations with regional textile associations to streamline export documentation and promote joint technical training in Policy fabrication.,Policy,Global Apparel Chronicle,2026-02-12,REAL,SYNTHETIC
183,Research institute develops high-efficiency spinning process for Policy fiber blends,Textile engineering scientists have published validated trial findings on an optimized spindle speed configuration that reduces yarn hairiness and energy usage in Policy spinning lines.,Policy,Textile Engineering Research,2026-02-13,REAL,SYNTHETIC
184,Annual Policy industry convention highlights digitalization and ERP integration,Industry leaders gathered at the national textile convention emphasized the role of automated inventory management and predictive maintenance in enhancing productivity across Policy processing facilities.,Policy,Industrial Management Today,2026-02-14,REAL,SYNTHETIC
185,Port authorities streamline container customs clearance for Policy consignments,Customs authorities have implemented 24/7 automated green-channel clearance for compliant Policy exporters to reduce dwell times and enhance maritime trade turnaround.,Policy,Logistics & Cargo Monitor,2026-02-15,REAL,SYNTHETIC
186,Textile cluster completes solar microgrid installation to reduce operational carbon footprint in Policy units,A leading industrial development corporation announced the successful commissioning of a 12MW shared solar array powering over 40 Policy processing and finishing factories.,Policy,Green Industry Post,2026-02-16,REAL,SYNTHETIC
187,SHOCKING: Government to seize all private Policy stocks without compensation next week,URGENT LEAK: Insiders confirm the commerce department has drafted a secret executive order to confiscate all privately owned Policy warehouses across the country starting Monday. Factory owners are urged to hide their inventory immediately!,Policy,Viral WhatsApp Group Alert,2026-02-17,FAKE,SYNTHETIC
188,Miracle chemical eliminates all manufacturing cost for Policy production forever,UNBELIEVABLE BREAKTHROUGH: A secret liquid created in a home garage makes Policy 1000 times stronger and reduces production costs to zero rupees. Big textile monopolies are paying millions to suppress this video!,Policy,Clickbait Trend Tube,2026-02-18,FAKE,SYNTHETIC
189,Total emergency ban imposed on Policy sales; violators face immediate military arrest,BREAKING EMERGENCY: An unverified leaked notice claims that the international health tribunal has banned all production and sale of Policy with immediate effect due to dangerous cosmic radiation. Share before this gets deleted!,Policy,Panic Alert Network,2026-02-19,FAKE,SYNTHETIC
190,Claim your instant 50 lakh government grant for Policy factories with no paperwork,"FREE MONEY ALERT: The prime minister has announced an emergency direct benefit transfer of 50,00,000 rupees for anyone who claims to own a Policy business. Simply click this unverified external link and enter your bank OTP!",Policy,Fraudulent Scheme Tracker,2026-02-20,FAKE,SYNTHETIC
191,All imported Policy shipments proven to contain deadly mind-control bio-agents,TERRIFYING TRUTH: Independent anonymous whistleblowers claim foreign adversaries are infusing Policy shipments with nano-toxins designed to manipulate public mood. Burn all your recent apparel purchases right now!,Policy,Conspiracy Desk Wire,2026-02-21,FAKE,SYNTHETIC
192,Secret court order cancels all electricity and water charges for Policy mills permanently,VICTORY FOR MILL OWNERS: The high court has secretly declared that no textile unit manufacturing Policy will ever have to pay for electricity or water again. Do not pay your power bills from today onwards!,Policy,Rumor Central Post,2026-02-22,FAKE,SYNTHETIC
193,Scientists warn that wearing Policy causes spontaneous human combustion in hot weather,DOCTORS STUNNED: A viral social media study claims that Policy materials attract solar microwaves and burst into flames on crowded buses. Thousands of cases are allegedly being covered up by hospital authorities!,Policy,Sensational Health Scares,2026-02-23,FAKE,SYNTHETIC
194,Foreign government buying entire nation's Policy supply at 100x market price tomorrow,GET RICH OVERNIGHT: A billionaire foreign prince is landing tomorrow to purchase every single kilogram of Policy available in the country for 100 times normal market value. Do not sell to anyone else today!,Policy,Speculative Trader Rumors,2026-02-24,FAKE,SYNTHETIC
195,Prices export shipments register steady growth in Q3 financial review,"Market analysts report an upward trend in Prices export volumes driven by consistent bilateral trade demand, stable raw material pricing, and enhanced logistical efficiency at major transit ports.",Prices,Authoritative Industry Bulletin,2026-02-10,REAL,SYNTHETIC
196,Ministry of Textiles convenes stakeholder meeting to review Prices quality standards,Senior officials from the Ministry of Textiles and industry trade bodies held a consultative conference to deliberate on revised Bureau of Indian Standards (BIS) parameters for Prices manufacturing and testing protocols.,Prices,National Textile Bureau,2026-02-11,REAL,SYNTHETIC
197,New technology upgrade initiative launched for sustainable Prices processing units,State development agencies have rolled out an incentive scheme offering subsidized interest rates on energy-efficient machinery for micro and small enterprises operating within the Prices sector.,Prices,Eco Textile Gazette,2026-02-12,REAL,SYNTHETIC
198,Quarterly production estimates for Prices sector indicate moderate expansion,"The National Textile Statistics Council released its quarterly digest indicating a 4.5 percent expansion in Prices output, underpinned by domestic consumption and replenishment of retail apparel inventories.",Prices,Textile Economic Review,2026-02-13,REAL,SYNTHETIC
199,Trade delegation signs memorandum of understanding for Prices supply chain collaboration,An international textile trade council has concluded bilateral negotiations with regional textile associations to streamline export documentation and promote joint technical training in Prices fabrication.,Prices,Global Apparel Chronicle,2026-02-14,REAL,SYNTHETIC
200,Research institute develops high-efficiency spinning process for Prices fiber blends,Textile engineering scientists have published validated trial findings on an optimized spindle speed configuration that reduces yarn hairiness and energy usage in Prices spinning lines.,Prices,Textile Engineering Research,2026-02-15,REAL,SYNTHETIC
201,Annual Prices industry convention highlights digitalization and ERP integration,Industry leaders gathered at the national textile convention emphasized the role of automated inventory management and predictive maintenance in enhancing productivity across Prices processing facilities.,Prices,Industrial Management Today,2026-02-16,REAL,SYNTHETIC
202,Port authorities streamline container customs clearance for Prices consignments,Customs authorities have implemented 24/7 automated green-channel clearance for compliant Prices exporters to reduce dwell times and enhance maritime trade turnaround.,Prices,Logistics & Cargo Monitor,2026-02-17,REAL,SYNTHETIC
203,Textile cluster completes solar microgrid installation to reduce operational carbon footprint in Prices units,A leading industrial development corporation announced the successful commissioning of a 12MW shared solar array powering over 40 Prices processing and finishing factories.,Prices,Green Industry Post,2026-02-18,REAL,SYNTHETIC
204,SHOCKING: Government to seize all private Prices stocks without compensation next week,URGENT LEAK: Insiders confirm the commerce department has drafted a secret executive order to confiscate all privately owned Prices warehouses across the country starting Monday. Factory owners are urged to hide their inventory immediately!,Prices,Viral WhatsApp Group Alert,2026-02-19,FAKE,SYNTHETIC
205,Miracle chemical eliminates all manufacturing cost for Prices production forever,UNBELIEVABLE BREAKTHROUGH: A secret liquid created in a home garage makes Prices 1000 times stronger and reduces production costs to zero rupees. Big textile monopolies are paying millions to suppress this video!,Prices,Clickbait Trend Tube,2026-02-20,FAKE,SYNTHETIC
206,Total emergency ban imposed on Prices sales; violators face immediate military arrest,BREAKING EMERGENCY: An unverified leaked notice claims that the international health tribunal has banned all production and sale of Prices with immediate effect due to dangerous cosmic radiation. Share before this gets deleted!,Prices,Panic Alert Network,2026-02-21,FAKE,SYNTHETIC
207,Claim your instant 50 lakh government grant for Prices factories with no paperwork,"FREE MONEY ALERT: The prime minister has announced an emergency direct benefit transfer of 50,00,000 rupees for anyone who claims to own a Prices business. Simply click this unverified external link and enter your bank OTP!",Prices,Fraudulent Scheme Tracker,2026-02-22,FAKE,SYNTHETIC
208,All imported Prices shipments proven to contain deadly mind-control bio-agents,TERRIFYING TRUTH: Independent anonymous whistleblowers claim foreign adversaries are infusing Prices shipments with nano-toxins designed to manipulate public mood. Burn all your recent apparel purchases right now!,Prices,Conspiracy Desk Wire,2026-02-23,FAKE,SYNTHETIC
209,Secret court order cancels all electricity and water charges for Prices mills permanently,VICTORY FOR MILL OWNERS: The high court has secretly declared that no textile unit manufacturing Prices will ever have to pay for electricity or water again. Do not pay your power bills from today onwards!,Prices,Rumor Central Post,2026-02-24,FAKE,SYNTHETIC
210,Scientists warn that wearing Prices causes spontaneous human combustion in hot weather,DOCTORS STUNNED: A viral social media study claims that Prices materials attract solar microwaves and burst into flames on crowded buses. Thousands of cases are allegedly being covered up by hospital authorities!,Prices,Sensational Health Scares,2026-02-10,FAKE,SYNTHETIC
211,Foreign government buying entire nation's Prices supply at 100x market price tomorrow,GET RICH OVERNIGHT: A billionaire foreign prince is landing tomorrow to purchase every single kilogram of Prices available in the country for 100 times normal market value. Do not sell to anyone else today!,Prices,Speculative Trader Rumors,2026-02-11,FAKE,SYNTHETIC
212,Sustainability export shipments register steady growth in Q3 financial review,"Market analysts report an upward trend in Sustainability export volumes driven by consistent bilateral trade demand, stable raw material pricing, and enhanced logistical efficiency at major transit ports.",Sustainability,Authoritative Industry Bulletin,2026-02-12,REAL,SYNTHETIC
213,Ministry of Textiles convenes stakeholder meeting to review Sustainability quality standards,Senior officials from the Ministry of Textiles and industry trade bodies held a consultative conference to deliberate on revised Bureau of Indian Standards (BIS) parameters for Sustainability manufacturing and testing protocols.,Sustainability,National Textile Bureau,2026-02-13,REAL,SYNTHETIC
214,New technology upgrade initiative launched for sustainable Sustainability processing units,State development agencies have rolled out an incentive scheme offering subsidized interest rates on energy-efficient machinery for micro and small enterprises operating within the Sustainability sector.,Sustainability,Eco Textile Gazette,2026-02-14,REAL,SYNTHETIC
215,Quarterly production estimates for Sustainability sector indicate moderate expansion,"The National Textile Statistics Council released its quarterly digest indicating a 4.5 percent expansion in Sustainability output, underpinned by domestic consumption and replenishment of retail apparel inventories.",Sustainability,Textile Economic Review,2026-02-15,REAL,SYNTHETIC
216,Trade delegation signs memorandum of understanding for Sustainability supply chain collaboration,An international textile trade council has concluded bilateral negotiations with regional textile associations to streamline export documentation and promote joint technical training in Sustainability fabrication.,Sustainability,Global Apparel Chronicle,2026-02-16,REAL,SYNTHETIC
217,Research institute develops high-efficiency spinning process for Sustainability fiber blends,Textile engineering scientists have published validated trial findings on an optimized spindle speed configuration that reduces yarn hairiness and energy usage in Sustainability spinning lines.,Sustainability,Textile Engineering Research,2026-02-17,REAL,SYNTHETIC
218,Annual Sustainability industry convention highlights digitalization and ERP integration,Industry leaders gathered at the national textile convention emphasized the role of automated inventory management and predictive maintenance in enhancing productivity across Sustainability processing facilities.,Sustainability,Industrial Management Today,2026-02-18,REAL,SYNTHETIC
219,Port authorities streamline container customs clearance for Sustainability consignments,Customs authorities have implemented 24/7 automated green-channel clearance for compliant Sustainability exporters to reduce dwell times and enhance maritime trade turnaround.,Sustainability,Logistics & Cargo Monitor,2026-02-19,REAL,SYNTHETIC
220,Textile cluster completes solar microgrid installation to reduce operational carbon footprint in Sustainability units,A leading industrial development corporation announced the successful commissioning of a 12MW shared solar array powering over 40 Sustainability processing and finishing factories.,Sustainability,Green Industry Post,2026-02-20,REAL,SYNTHETIC
221,SHOCKING: Government to seize all private Sustainability stocks without compensation next week,URGENT LEAK: Insiders confirm the commerce department has drafted a secret executive order to confiscate all privately owned Sustainability warehouses across the country starting Monday. Factory owners are urged to hide their inventory immediately!,Sustainability,Viral WhatsApp Group Alert,2026-02-21,FAKE,SYNTHETIC
222,Miracle chemical eliminates all manufacturing cost for Sustainability production forever,UNBELIEVABLE BREAKTHROUGH: A secret liquid created in a home garage makes Sustainability 1000 times stronger and reduces production costs to zero rupees. Big textile monopolies are paying millions to suppress this video!,Sustainability,Clickbait Trend Tube,2026-02-22,FAKE,SYNTHETIC
223,Total emergency ban imposed on Sustainability sales; violators face immediate military arrest,BREAKING EMERGENCY: An unverified leaked notice claims that the international health tribunal has banned all production and sale of Sustainability with immediate effect due to dangerous cosmic radiation. Share before this gets deleted!,Sustainability,Panic Alert Network,2026-02-23,FAKE,SYNTHETIC
224,Claim your instant 50 lakh government grant for Sustainability factories with no paperwork,"FREE MONEY ALERT: The prime minister has announced an emergency direct benefit transfer of 50,00,000 rupees for anyone who claims to own a Sustainability business. Simply click this unverified external link and enter your bank OTP!",Sustainability,Fraudulent Scheme Tracker,2026-02-24,FAKE,SYNTHETIC
225,All imported Sustainability shipments proven to contain deadly mind-control bio-agents,TERRIFYING TRUTH: Independent anonymous whistleblowers claim foreign adversaries are infusing Sustainability shipments with nano-toxins designed to manipulate public mood. Burn all your recent apparel purchases right now!,Sustainability,Conspiracy Desk Wire,2026-02-10,FAKE,SYNTHETIC
226,Secret court order cancels all electricity and water charges for Sustainability mills permanently,VICTORY FOR MILL OWNERS: The high court has secretly declared that no textile unit manufacturing Sustainability will ever have to pay for electricity or water again. Do not pay your power bills from today onwards!,Sustainability,Rumor Central Post,2026-02-11,FAKE,SYNTHETIC
227,Scientists warn that wearing Sustainability causes spontaneous human combustion in hot weather,DOCTORS STUNNED: A viral social media study claims that Sustainability materials attract solar microwaves and burst into flames on crowded buses. Thousands of cases are allegedly being covered up by hospital authorities!,Sustainability,Sensational Health Scares,2026-02-12,FAKE,SYNTHETIC
228,Foreign government buying entire nation's Sustainability supply at 100x market price tomorrow,GET RICH OVERNIGHT: A billionaire foreign prince is landing tomorrow to purchase every single kilogram of Sustainability available in the country for 100 times normal market value. Do not sell to anyone else today!,Sustainability,Speculative Trader Rumors,2026-02-13,FAKE,SYNTHETIC
229,Labour export shipments register steady growth in Q3 financial review,"Market analysts report an upward trend in Labour export volumes driven by consistent bilateral trade demand, stable raw material pricing, and enhanced logistical efficiency at major transit ports.",Labour,Authoritative Industry Bulletin,2026-02-14,REAL,SYNTHETIC
230,Ministry of Textiles convenes stakeholder meeting to review Labour quality standards,Senior officials from the Ministry of Textiles and industry trade bodies held a consultative conference to deliberate on revised Bureau of Indian Standards (BIS) parameters for Labour manufacturing and testing protocols.,Labour,National Textile Bureau,2026-02-15,REAL,SYNTHETIC
231,New technology upgrade initiative launched for sustainable Labour processing units,State development agencies have rolled out an incentive scheme offering subsidized interest rates on energy-efficient machinery for micro and small enterprises operating within the Labour sector.,Labour,Eco Textile Gazette,2026-02-16,REAL,SYNTHETIC
232,Quarterly production estimates for Labour sector indicate moderate expansion,"The National Textile Statistics Council released its quarterly digest indicating a 4.5 percent expansion in Labour output, underpinned by domestic consumption and replenishment of retail apparel inventories.",Labour,Textile Economic Review,2026-02-17,REAL,SYNTHETIC
233,Trade delegation signs memorandum of understanding for Labour supply chain collaboration,An international textile trade council has concluded bilateral negotiations with regional textile associations to streamline export documentation and promote joint technical training in Labour fabrication.,Labour,Global Apparel Chronicle,2026-02-18,REAL,SYNTHETIC
234,Research institute develops high-efficiency spinning process for Labour fiber blends,Textile engineering scientists have published validated trial findings on an optimized spindle speed configuration that reduces yarn hairiness and energy usage in Labour spinning lines.,Labour,Textile Engineering Research,2026-02-19,REAL,SYNTHETIC
235,Annual Labour industry convention highlights digitalization and ERP integration,Industry leaders gathered at the national textile convention emphasized the role of automated inventory management and predictive maintenance in enhancing productivity across Labour processing facilities.,Labour,Industrial Management Today,2026-02-20,REAL,SYNTHETIC
236,Port authorities streamline container customs clearance for Labour consignments,Customs authorities have implemented 24/7 automated green-channel clearance for compliant Labour exporters to reduce dwell times and enhance maritime trade turnaround.,Labour,Logistics & Cargo Monitor,2026-02-21,REAL,SYNTHETIC
237,Textile cluster completes solar microgrid installation to reduce operational carbon footprint in Labour units,A leading industrial development corporation announced the successful commissioning of a 12MW shared solar array powering over 40 Labour processing and finishing factories.,Labour,Green Industry Post,2026-02-22,REAL,SYNTHETIC
238,SHOCKING: Government to seize all private Labour stocks without compensation next week,URGENT LEAK: Insiders confirm the commerce department has drafted a secret executive order to confiscate all privately owned Labour warehouses across the country starting Monday. Factory owners are urged to hide their inventory immediately!,Labour,Viral WhatsApp Group Alert,2026-02-23,FAKE,SYNTHETIC
239,Miracle chemical eliminates all manufacturing cost for Labour production forever,UNBELIEVABLE BREAKTHROUGH: A secret liquid created in a home garage makes Labour 1000 times stronger and reduces production costs to zero rupees. Big textile monopolies are paying millions to suppress this video!,Labour,Clickbait Trend Tube,2026-02-24,FAKE,SYNTHETIC
240,Total emergency ban imposed on Labour sales; violators face immediate military arrest,BREAKING EMERGENCY: An unverified leaked notice claims that the international health tribunal has banned all production and sale of Labour with immediate effect due to dangerous cosmic radiation. Share before this gets deleted!,Labour,Panic Alert Network,2026-02-10,FAKE,SYNTHETIC
241,Claim your instant 50 lakh government grant for Labour factories with no paperwork,"FREE MONEY ALERT: The prime minister has announced an emergency direct benefit transfer of 50,00,000 rupees for anyone who claims to own a Labour business. Simply click this unverified external link and enter your bank OTP!",Labour,Fraudulent Scheme Tracker,2026-02-11,FAKE,SYNTHETIC
242,All imported Labour shipments proven to contain deadly mind-control bio-agents,TERRIFYING TRUTH: Independent anonymous whistleblowers claim foreign adversaries are infusing Labour shipments with nano-toxins designed to manipulate public mood. Burn all your recent apparel purchases right now!,Labour,Conspiracy Desk Wire,2026-02-12,FAKE,SYNTHETIC
243,Secret court order cancels all electricity and water charges for Labour mills permanently,VICTORY FOR MILL OWNERS: The high court has secretly declared that no textile unit manufacturing Labour will ever have to pay for electricity or water again. Do not pay your power bills from today onwards!,Labour,Rumor Central Post,2026-02-13,FAKE,SYNTHETIC
244,Scientists warn that wearing Labour causes spontaneous human combustion in hot weather,DOCTORS STUNNED: A viral social media study claims that Labour materials attract solar microwaves and burst into flames on crowded buses. Thousands of cases are allegedly being covered up by hospital authorities!,Labour,Sensational Health Scares,2026-02-14,FAKE,SYNTHETIC
245,Foreign government buying entire nation's Labour supply at 100x market price tomorrow,GET RICH OVERNIGHT: A billionaire foreign prince is landing tomorrow to purchase every single kilogram of Labour available in the country for 100 times normal market value. Do not sell to anyone else today!,Labour,Speculative Trader Rumors,2026-02-15,FAKE,SYNTHETIC
246,Technology export shipments register steady growth in Q3 financial review,"Market analysts report an upward trend in Technology export volumes driven by consistent bilateral trade demand, stable raw material pricing, and enhanced logistical efficiency at major transit ports.",Technology,Authoritative Industry Bulletin,2026-02-16,REAL,SYNTHETIC
247,Ministry of Textiles convenes stakeholder meeting to review Technology quality standards,Senior officials from the Ministry of Textiles and industry trade bodies held a consultative conference to deliberate on revised Bureau of Indian Standards (BIS) parameters for Technology manufacturing and testing protocols.,Technology,National Textile Bureau,2026-02-17,REAL,SYNTHETIC
248,New technology upgrade initiative launched for sustainable Technology processing units,State development agencies have rolled out an incentive scheme offering subsidized interest rates on energy-efficient machinery for micro and small enterprises operating within the Technology sector.,Technology,Eco Textile Gazette,2026-02-18,REAL,SYNTHETIC
249,Quarterly production estimates for Technology sector indicate moderate expansion,"The National Textile Statistics Council released its quarterly digest indicating a 4.5 percent expansion in Technology output, underpinned by domestic consumption and replenishment of retail apparel inventories.",Technology,Textile Economic Review,2026-02-19,REAL,SYNTHETIC
250,Trade delegation signs memorandum of understanding for Technology supply chain collaboration,An international textile trade council has concluded bilateral negotiations with regional textile associations to streamline export documentation and promote joint technical training in Technology fabrication.,Technology,Global Apparel Chronicle,2026-02-20,REAL,SYNTHETIC
251,Research institute develops high-efficiency spinning process for Technology fiber blends,Textile engineering scientists have published validated trial findings on an optimized spindle speed configuration that reduces yarn hairiness and energy usage in Technology spinning lines.,Technology,Textile Engineering Research,2026-02-21,REAL,SYNTHETIC
252,Annual Technology industry convention highlights digitalization and ERP integration,Industry leaders gathered at the national textile convention emphasized the role of automated inventory management and predictive maintenance in enhancing productivity across Technology processing facilities.,Technology,Industrial Management Today,2026-02-22,REAL,SYNTHETIC
253,Port authorities streamline container customs clearance for Technology consignments,Customs authorities have implemented 24/7 automated green-channel clearance for compliant Technology exporters to reduce dwell times and enhance maritime trade turnaround.,Technology,Logistics & Cargo Monitor,2026-02-23,REAL,SYNTHETIC
254,Textile cluster completes solar microgrid installation to reduce operational carbon footprint in Technology units,A leading industrial development corporation announced the successful commissioning of a 12MW shared solar array powering over 40 Technology processing and finishing factories.,Technology,Green Industry Post,2026-02-24,REAL,SYNTHETIC
255,SHOCKING: Government to seize all private Technology stocks without compensation next week,URGENT LEAK: Insiders confirm the commerce department has drafted a secret executive order to confiscate all privately owned Technology warehouses across the country starting Monday. Factory owners are urged to hide their inventory immediately!,Technology,Viral WhatsApp Group Alert,2026-02-10,FAKE,SYNTHETIC
256,Miracle chemical eliminates all manufacturing cost for Technology production forever,UNBELIEVABLE BREAKTHROUGH: A secret liquid created in a home garage makes Technology 1000 times stronger and reduces production costs to zero rupees. Big textile monopolies are paying millions to suppress this video!,Technology,Clickbait Trend Tube,2026-02-11,FAKE,SYNTHETIC
257,Total emergency ban imposed on Technology sales; violators face immediate military arrest,BREAKING EMERGENCY: An unverified leaked notice claims that the international health tribunal has banned all production and sale of Technology with immediate effect due to dangerous cosmic radiation. Share before this gets deleted!,Technology,Panic Alert Network,2026-02-12,FAKE,SYNTHETIC
258,Claim your instant 50 lakh government grant for Technology factories with no paperwork,"FREE MONEY ALERT: The prime minister has announced an emergency direct benefit transfer of 50,00,000 rupees for anyone who claims to own a Technology business. Simply click this unverified external link and enter your bank OTP!",Technology,Fraudulent Scheme Tracker,2026-02-13,FAKE,SYNTHETIC
259,All imported Technology shipments proven to contain deadly mind-control bio-agents,TERRIFYING TRUTH: Independent anonymous whistleblowers claim foreign adversaries are infusing Technology shipments with nano-toxins designed to manipulate public mood. Burn all your recent apparel purchases right now!,Technology,Conspiracy Desk Wire,2026-02-14,FAKE,SYNTHETIC
260,Secret court order cancels all electricity and water charges for Technology mills permanently,VICTORY FOR MILL OWNERS: The high court has secretly declared that no textile unit manufacturing Technology will ever have to pay for electricity or water again. Do not pay your power bills from today onwards!,Technology,Rumor Central Post,2026-02-15,FAKE,SYNTHETIC
261,Scientists warn that wearing Technology causes spontaneous human combustion in hot weather,DOCTORS STUNNED: A viral social media study claims that Technology materials attract solar microwaves and burst into flames on crowded buses. Thousands of cases are allegedly being covered up by hospital authorities!,Technology,Sensational Health Scares,2026-02-16,FAKE,SYNTHETIC
262,Foreign government buying entire nation's Technology supply at 100x market price tomorrow,GET RICH OVERNIGHT: A billionaire foreign prince is landing tomorrow to purchase every single kilogram of Technology available in the country for 100 times normal market value. Do not sell to anyone else today!,Technology,Speculative Trader Rumors,2026-02-17,FAKE,SYNTHETIC
263,Exports export shipments register steady growth in Q3 financial review,"Market analysts report an upward trend in Exports export volumes driven by consistent bilateral trade demand, stable raw material pricing, and enhanced logistical efficiency at major transit ports.",Exports,Authoritative Industry Bulletin,2026-02-18,REAL,SYNTHETIC
264,Ministry of Textiles convenes stakeholder meeting to review Exports quality standards,Senior officials from the Ministry of Textiles and industry trade bodies held a consultative conference to deliberate on revised Bureau of Indian Standards (BIS) parameters for Exports manufacturing and testing protocols.,Exports,National Textile Bureau,2026-02-19,REAL,SYNTHETIC
265,New technology upgrade initiative launched for sustainable Exports processing units,State development agencies have rolled out an incentive scheme offering subsidized interest rates on energy-efficient machinery for micro and small enterprises operating within the Exports sector.,Exports,Eco Textile Gazette,2026-02-20,REAL,SYNTHETIC
266,Quarterly production estimates for Exports sector indicate moderate expansion,"The National Textile Statistics Council released its quarterly digest indicating a 4.5 percent expansion in Exports output, underpinned by domestic consumption and replenishment of retail apparel inventories.",Exports,Textile Economic Review,2026-02-21,REAL,SYNTHETIC
267,Trade delegation signs memorandum of understanding for Exports supply chain collaboration,An international textile trade council has concluded bilateral negotiations with regional textile associations to streamline export documentation and promote joint technical training in Exports fabrication.,Exports,Global Apparel Chronicle,2026-02-22,REAL,SYNTHETIC
268,Research institute develops high-efficiency spinning process for Exports fiber blends,Textile engineering scientists have published validated trial findings on an optimized spindle speed configuration that reduces yarn hairiness and energy usage in Exports spinning lines.,Exports,Textile Engineering Research,2026-02-23,REAL,SYNTHETIC
269,Annual Exports industry convention highlights digitalization and ERP integration,Industry leaders gathered at the national textile convention emphasized the role of automated inventory management and predictive maintenance in enhancing productivity across Exports processing facilities.,Exports,Industrial Management Today,2026-02-24,REAL,SYNTHETIC
270,Port authorities streamline container customs clearance for Exports consignments,Customs authorities have implemented 24/7 automated green-channel clearance for compliant Exports exporters to reduce dwell times and enhance maritime trade turnaround.,Exports,Logistics & Cargo Monitor,2026-02-10,REAL,SYNTHETIC
271,Textile cluster completes solar microgrid installation to reduce operational carbon footprint in Exports units,A leading industrial development corporation announced the successful commissioning of a 12MW shared solar array powering over 40 Exports processing and finishing factories.,Exports,Green Industry Post,2026-02-11,REAL,SYNTHETIC
272,SHOCKING: Government to seize all private Exports stocks without compensation next week,URGENT LEAK: Insiders confirm the commerce department has drafted a secret executive order to confiscate all privately owned Exports warehouses across the country starting Monday. Factory owners are urged to hide their inventory immediately!,Exports,Viral WhatsApp Group Alert,2026-02-12,FAKE,SYNTHETIC
273,Miracle chemical eliminates all manufacturing cost for Exports production forever,UNBELIEVABLE BREAKTHROUGH: A secret liquid created in a home garage makes Exports 1000 times stronger and reduces production costs to zero rupees. Big textile monopolies are paying millions to suppress this video!,Exports,Clickbait Trend Tube,2026-02-13,FAKE,SYNTHETIC
274,Total emergency ban imposed on Exports sales; violators face immediate military arrest,BREAKING EMERGENCY: An unverified leaked notice claims that the international health tribunal has banned all production and sale of Exports with immediate effect due to dangerous cosmic radiation. Share before this gets deleted!,Exports,Panic Alert Network,2026-02-14,FAKE,SYNTHETIC
275,Claim your instant 50 lakh government grant for Exports factories with no paperwork,"FREE MONEY ALERT: The prime minister has announced an emergency direct benefit transfer of 50,00,000 rupees for anyone who claims to own a Exports business. Simply click this unverified external link and enter your bank OTP!",Exports,Fraudulent Scheme Tracker,2026-02-15,FAKE,SYNTHETIC
276,All imported Exports shipments proven to contain deadly mind-control bio-agents,TERRIFYING TRUTH: Independent anonymous whistleblowers claim foreign adversaries are infusing Exports shipments with nano-toxins designed to manipulate public mood. Burn all your recent apparel purchases right now!,Exports,Conspiracy Desk Wire,2026-02-16,FAKE,SYNTHETIC
277,Secret court order cancels all electricity and water charges for Exports mills permanently,VICTORY FOR MILL OWNERS: The high court has secretly declared that no textile unit manufacturing Exports will ever have to pay for electricity or water again. Do not pay your power bills from today onwards!,Exports,Rumor Central Post,2026-02-17,FAKE,SYNTHETIC
278,Scientists warn that wearing Exports causes spontaneous human combustion in hot weather,DOCTORS STUNNED: A viral social media study claims that Exports materials attract solar microwaves and burst into flames on crowded buses. Thousands of cases are allegedly being covered up by hospital authorities!,Exports,Sensational Health Scares,2026-02-18,FAKE,SYNTHETIC
279,Foreign government buying entire nation's Exports supply at 100x market price tomorrow,GET RICH OVERNIGHT: A billionaire foreign prince is landing tomorrow to purchase every single kilogram of Exports available in the country for 100 times normal market value. Do not sell to anyone else today!,Exports,Speculative Trader Rumors,2026-02-19,FAKE,SYNTHETIC
